{"stats":{"minecraft:dropped":{"minecraft:rotten_flesh":20,"minecraft:arrow":30},"minecraft:picked_up":{"minecraft:arrow":30,"minecraft:rotten_flesh":20},"minecraft:used":{"minecraft:rotten_flesh":4,"minecraft:chest":1,"minecraft:diamond_boots":1},"minecraft:custom":{"minecraft:jump":203,"minecraft:time_since_rest":6252,"minecraft:crouch_one_cm":26,"minecraft:leave_game":1,"minecraft:sprint_one_cm":21081,"minecraft:play_time":6252,"minecraft:time_since_death":6252,"minecraft:walk_one_cm":8791,"minecraft:sneak_time":80,"minecraft:total_world_time":6279,"minecraft:drop":2,"minecraft:fall_one_cm":209,"minecraft:fly_one_cm":62377,"minecraft:open_chest":2}},"DataVersion":3465}