{"stats":{"minecraft:picked_up":{"minecraft:redstone":1,"minecraft:dirt":3},"minecraft:used":{"minecraft:redstone":1,"minecraft:bow":3},"minecraft:custom":{"minecraft:jump":125,"minecraft:time_since_rest":2819,"minecraft:leave_game":2,"minecraft:play_time":2819,"minecraft:sprint_one_cm":10658,"minecraft:damage_taken":122,"minecraft:time_since_death":2819,"minecraft:walk_one_cm":5955,"minecraft:total_world_time":3016,"minecraft:mob_kills":1,"minecraft:fall_one_cm":1017,"minecraft:fly_one_cm":34317},"minecraft:killed":{"minecraft:skeleton":1},"minecraft:mined":{"minecraft:grass_block":2,"minecraft:sugar_cane":3,"minecraft:redstone_wire":1,"minecraft:dirt":1}},"DataVersion":3465}