{"stats":{"minecraft:custom":{"minecraft:jump":20,"minecraft:time_since_rest":55,"minecraft:leave_game":1,"minecraft:deaths":1,"minecraft:sprint_one_cm":4688,"minecraft:play_time":2692,"minecraft:damage_taken":249,"minecraft:time_since_death":13,"minecraft:walk_one_cm":11032,"minecraft:sneak_time":6,"minecraft:total_world_time":2739,"minecraft:fly_one_cm":5706},"minecraft:killed_by":{"minecraft:skeleton":1},"minecraft:picked_up":{"minecraft:bone":7,"minecraft:arrow":3},"minecraft:used":{"minecraft:chainmail_helmet":1}},"DataVersion":3465}