{"stats":{"minecraft:used":{"minecraft:diamond_pickaxe":1,"minecraft:diamond_shovel":3},"minecraft:custom":{"minecraft:jump":16,"minecraft:time_since_rest":754,"minecraft:leave_game":1,"minecraft:sprint_one_cm":3098,"minecraft:play_time":754,"minecraft:time_since_death":754,"minecraft:walk_one_cm":3079,"minecraft:total_world_time":813,"minecraft:drop":3,"minecraft:fall_one_cm":218,"minecraft:fly_one_cm":3092},"minecraft:dropped":{"minecraft:dirt_path":10,"minecraft:dirt":98},"minecraft:mined":{"minecraft:grass_block":4,"minecraft:dirt_path":2},"minecraft:picked_up":{"minecraft:dirt_path":6,"minecraft:dirt":15,"minecraft:potato":1}},"DataVersion":3465}