{"stats":{"minecraft:mined":{"minecraft:grass_block":25,"minecraft:dirt":18},"minecraft:picked_up":{"minecraft:dirt":21},"minecraft:used":{"minecraft:diamond_shovel":46},"minecraft:killed":{"minecraft:slime":2},"minecraft:custom":{"minecraft:jump":64,"minecraft:time_since_rest":963,"minecraft:leave_game":1,"minecraft:damage_dealt":133,"minecraft:crouch_one_cm":1129,"minecraft:deaths":2,"minecraft:sprint_one_cm":13300,"minecraft:play_time":3563,"minecraft:damage_taken":500,"minecraft:time_since_death":941,"minecraft:walk_one_cm":12372,"minecraft:sneak_time":531,"minecraft:total_world_time":3592,"minecraft:mob_kills":2,"minecraft:fall_one_cm":1358,"minecraft:fly_one_cm":16908}},"DataVersion":3465}