{"stats":{"minecraft:killed":{"minecraft:spider":3,"minecraft:zombie":4,"minecraft:slime":2},"minecraft:custom":{"minecraft:time_since_rest":5913,"minecraft:crouch_one_cm":13,"minecraft:play_time":14096,"minecraft:sprint_one_cm":22777,"minecraft:walk_one_cm":66573,"minecraft:damage_taken":712,"minecraft:deaths":1,"minecraft:sneak_time":8,"minecraft:mob_kills":10,"minecraft:jump":172,"minecraft:damage_dealt":1290,"minecraft:leave_game":1,"minecraft:time_since_death":10209,"minecraft:sleep_in_bed":1,"minecraft:total_world_time":14155,"minecraft:fall_one_cm":1730,"minecraft:fly_one_cm":54804},"minecraft:killed_by":{"minecraft:skeleton":1},"minecraft:picked_up":{"minecraft:bone":17,"minecraft:arrow":16,"minecraft:slime_ball":1,"minecraft:redstone":1,"minecraft:dirt":1,"minecraft:spider_eye":2,"minecraft:string":4},"minecraft:used":{"minecraft:redstone":1,"minecraft:chainmail_helmet":2},"minecraft:mined":{"minecraft:grass_block":1,"minecraft:redstone_wire":1}},"DataVersion":3465}