{"stats":{"minecraft:picked_up":{"minecraft:rotten_flesh":4,"minecraft:dirt":3},"minecraft:used":{"minecraft:rotten_flesh":8,"minecraft:bow":19},"minecraft:killed":{"minecraft:zombie":2},"minecraft:custom":{"minecraft:jump":334,"minecraft:time_since_rest":7158,"minecraft:damage_dealt":18,"minecraft:leave_game":2,"minecraft:play_time":7158,"minecraft:sprint_one_cm":27319,"minecraft:damage_taken":64,"minecraft:time_since_death":7158,"minecraft:walk_one_cm":13663,"minecraft:total_world_time":7219,"minecraft:mob_kills":2,"minecraft:fall_one_cm":4419,"minecraft:fly_one_cm":105865},"minecraft:mined":{"minecraft:grass_block":2,"minecraft:dirt":1}},"DataVersion":3465}