{"stats":{"minecraft:picked_up":{"minecraft:bone":6,"minecraft:arrow":6},"minecraft:killed":{"coolenchants:undead_dragon":1},"minecraft:used":{"minecraft:diamond_boots":1},"minecraft:custom":{"minecraft:jump":115,"minecraft:time_since_rest":3646,"minecraft:leave_game":1,"minecraft:damage_dealt":199,"minecraft:crouch_one_cm":418,"minecraft:sprint_one_cm":10413,"minecraft:play_time":3646,"minecraft:damage_taken":73,"minecraft:time_since_death":3646,"minecraft:walk_one_cm":16256,"minecraft:sneak_time":125,"minecraft:total_world_time":3666,"minecraft:interact_with_anvil":8,"minecraft:mob_kills":1,"minecraft:fall_one_cm":2970,"minecraft:fly_one_cm":25049}},"DataVersion":3465}