{"stats":{"minecraft:dropped":{"minecraft:cobblestone":60,"minecraft:dirt":415,"minecraft:diamond_shovel":1,"minecraft:stone":41,"minecraft:diamond_ore":48,"minecraft:dirt_path":3,"minecraft:mossy_cobblestone":9,"minecraft:dandelion":1},"minecraft:mined":{"minecraft:grass_block":42,"minecraft:diamond_ore":5,"minecraft:dirt_path":3,"minecraft:dirt":80,"minecraft:cobblestone":1},"minecraft:picked_up":{"minecraft:diamond":16,"minecraft:potato":1,"minecraft:dirt":2134},"minecraft:used":{"minecraft:diamond_pickaxe":6,"minecraft:diamond_shovel":124,"minecraft:diamond_ore":16},"minecraft:custom":{"minecraft:time_since_rest":7975,"minecraft:play_time":7975,"minecraft:crouch_one_cm":655,"minecraft:sprint_one_cm":36316,"minecraft:damage_taken":20,"minecraft:walk_one_cm":32787,"minecraft:sneak_time":153,"minecraft:walk_under_water_one_cm":120,"minecraft:drop":14,"minecraft:jump":118,"minecraft:leave_game":1,"minecraft:walk_on_water_one_cm":1614,"minecraft:time_since_death":7975,"minecraft:total_world_time":8010,"minecraft:fall_one_cm":1298,"minecraft:fly_one_cm":30105}},"DataVersion":3465}