{"stats":{"minecraft:custom":{"minecraft:jump":48,"minecraft:time_since_rest":344,"minecraft:leave_game":1,"minecraft:deaths":1,"minecraft:sprint_one_cm":7708,"minecraft:play_time":2170,"minecraft:damage_taken":228,"minecraft:time_since_death":316,"minecraft:walk_one_cm":8040,"minecraft:total_world_time":2717,"minecraft:fall_one_cm":1045,"minecraft:fly_one_cm":382086},"minecraft:killed_by":{"minecraft:ender_dragon":1},"minecraft:used":{"minecraft:diamond_sword":16,"minecraft:cooked_beef":2}},"DataVersion":3465}