{"stats":{"minecraft:used":{"minecraft:diamond_pickaxe":5},"minecraft:custom":{"minecraft:jump":14,"minecraft:time_since_rest":700,"minecraft:leave_game":1,"minecraft:sprint_one_cm":1153,"minecraft:play_time":700,"minecraft:time_since_death":700,"minecraft:walk_one_cm":3074,"minecraft:total_world_time":770,"minecraft:fall_one_cm":267,"minecraft:fly_one_cm":2844,"minecraft:drop":3},"minecraft:dropped":{"minecraft:cobblestone":25,"minecraft:mossy_cobblestone":7,"minecraft:stone":55},"minecraft:mined":{"minecraft:cobblestone":2,"minecraft:grass_block":3},"minecraft:picked_up":{"minecraft:mossy_cobblestone":2,"minecraft:dirt":5,"minecraft:cobblestone":14}},"DataVersion":3465}