{"stats":{"minecraft:mined":{"minecraft:grass_block":6,"minecraft:dirt_path":4},"minecraft:used":{"minecraft:diamond_shovel":9},"minecraft:dropped":{"minecraft:dirt":6},"minecraft:custom":{"minecraft:jump":14,"minecraft:time_since_rest":1029,"minecraft:leave_game":1,"minecraft:sprint_one_cm":2659,"minecraft:play_time":1029,"minecraft:time_since_death":1029,"minecraft:walk_one_cm":3369,"minecraft:total_world_time":1095,"minecraft:drop":1,"minecraft:fly_one_cm":1672},"minecraft:picked_up":{"minecraft:dirt_path":7,"minecraft:dirt":25}},"DataVersion":3465}