{"stats":{"minecraft:used":{"minecraft:diamond_pickaxe":10,"minecraft:mossy_cobblestone":9,"minecraft:cobblestone":9,"minecraft:diamond_shovel":5},"minecraft:picked_up":{"minecraft:oak_door":1,"minecraft:dandelion":1,"minecraft:cobblestone":35,"minecraft:dirt":16,"minecraft:mossy_cobblestone":16},"minecraft:custom":{"minecraft:time_since_rest":2139,"minecraft:play_time":2139,"minecraft:sprint_one_cm":7234,"minecraft:walk_one_cm":9006,"minecraft:drop":1,"minecraft:jump":32,"minecraft:leave_game":1,"minecraft:time_since_death":2139,"minecraft:total_world_time":2190,"minecraft:fall_one_cm":836,"minecraft:fly_one_cm":6685},"minecraft:dropped":{"minecraft:cobblestone":15},"minecraft:mined":{"minecraft:grass_block":1,"minecraft:dirt_path":4,"minecraft:mossy_cobblestone":4,"minecraft:cobblestone":6}},"DataVersion":3465}