{"stats":{"minecraft:killed":{"minecraft:zombie":8},"minecraft:used":{"minecraft:bow":25},"minecraft:picked_up":{"minecraft:rotten_flesh":5},"minecraft:custom":{"minecraft:jump":66,"minecraft:time_since_rest":2387,"minecraft:damage_dealt":33,"minecraft:leave_game":1,"minecraft:sprint_one_cm":6678,"minecraft:play_time":2387,"minecraft:damage_taken":69,"minecraft:time_since_death":2387,"minecraft:walk_one_cm":10225,"minecraft:sneak_time":8,"minecraft:total_world_time":2466,"minecraft:mob_kills":8,"minecraft:fall_one_cm":627,"minecraft:fly_one_cm":19134}},"DataVersion":3465}