{"stats":{"minecraft:picked_up":{"minecraft:dirt":1},"minecraft:used":{"minecraft:cooked_beef":2},"minecraft:custom":{"minecraft:jump":87,"minecraft:time_since_rest":2006,"minecraft:leave_game":1,"minecraft:sprint_one_cm":7376,"minecraft:play_time":2006,"minecraft:damage_taken":120,"minecraft:time_since_death":2006,"minecraft:walk_one_cm":5404,"minecraft:sneak_time":7,"minecraft:total_world_time":2060,"minecraft:fall_one_cm":2649,"minecraft:fly_one_cm":23548},"minecraft:mined":{"minecraft:grass_block":1}},"DataVersion":3465}