{"stats":{"minecraft:picked_up":{"minecraft:rotten_flesh":1},"minecraft:killed":{"minecraft:skeleton":3,"minecraft:zombie":4},"minecraft:custom":{"minecraft:jump":26,"minecraft:time_since_rest":2148,"minecraft:crouch_one_cm":10,"minecraft:leave_game":1,"minecraft:sprint_one_cm":5116,"minecraft:play_time":2148,"minecraft:damage_taken":220,"minecraft:time_since_death":2130,"minecraft:walk_one_cm":14512,"minecraft:sneak_time":8,"minecraft:total_world_time":2208,"minecraft:mob_kills":7,"minecraft:fly_one_cm":6739},"minecraft:used":{"minecraft:andesite":27,"minecraft:zombie_spawn_egg":1}},"DataVersion":3465}