{"stats":{"minecraft:picked_up":{"minecraft:dirt":1},"minecraft:mined":{"minecraft:dirt_path":4,"minecraft:fire":1},"minecraft:used":{"minecraft:diamond_sword":1,"minecraft:dirt":2,"minecraft:iron_helmet":2,"minecraft:cooked_beef":3},"minecraft:custom":{"minecraft:time_since_rest":30,"minecraft:open_chest":2,"minecraft:crouch_one_cm":326,"minecraft:play_time":13647,"minecraft:sprint_one_cm":49167,"minecraft:walk_one_cm":44844,"minecraft:damage_taken":2252,"minecraft:deaths":8,"minecraft:sneak_time":57,"minecraft:interact_with_anvil":7,"minecraft:jump":513,"minecraft:damage_dealt":181,"minecraft:leave_game":1,"minecraft:walk_on_water_one_cm":300,"minecraft:time_since_death":9,"minecraft:total_world_time":17224,"minecraft:talked_to_villager":28,"minecraft:fall_one_cm":22605,"minecraft:fly_one_cm":127620}},"DataVersion":3465}