{"stats":{"minecraft:used":{"minecraft:rotten_flesh":3,"minecraft:anvil":1,"minecraft:bow":17},"minecraft:custom":{"minecraft:jump":102,"minecraft:time_since_rest":3714,"minecraft:leave_game":1,"minecraft:sprint_one_cm":15151,"minecraft:play_time":3714,"minecraft:damage_taken":218,"minecraft:time_since_death":3714,"minecraft:walk_one_cm":8278,"minecraft:sneak_time":66,"minecraft:total_world_time":3894,"minecraft:interact_with_anvil":1,"minecraft:fall_one_cm":1254,"minecraft:fly_one_cm":29838,"minecraft:inspect_dispenser":2,"minecraft:open_chest":1}},"DataVersion":3465}