{"stats":{"minecraft:picked_up":{"minecraft:torch":1},"minecraft:used":{"minecraft:cooked_beef":2,"minecraft:bow":3},"minecraft:custom":{"minecraft:jump":266,"minecraft:open_chest":1,"minecraft:time_since_rest":564,"minecraft:leave_game":1,"minecraft:deaths":4,"minecraft:sprint_one_cm":23493,"minecraft:play_time":6242,"minecraft:damage_taken":962,"minecraft:time_since_death":544,"minecraft:walk_one_cm":15044,"minecraft:sleep_in_bed":2,"minecraft:total_world_time":6297,"minecraft:interact_with_anvil":1,"minecraft:fall_one_cm":7905,"minecraft:fly_one_cm":72134,"minecraft:inspect_dispenser":2}},"DataVersion":3465}