{"stats":{"minecraft:used":{"minecraft:dirt":31},"minecraft:custom":{"minecraft:jump":65,"minecraft:time_since_rest":3999,"minecraft:leave_game":1,"minecraft:crouch_one_cm":6,"minecraft:damage_taken":130,"minecraft:sprint_one_cm":7311,"minecraft:play_time":3999,"minecraft:walk_on_water_one_cm":167,"minecraft:time_since_death":3999,"minecraft:walk_one_cm":3738,"minecraft:sneak_time":197,"minecraft:total_world_time":4031,"minecraft:fall_one_cm":3267,"minecraft:fly_one_cm":38721}},"DataVersion":3465}