{"stats":{"minecraft:picked_up":{"minecraft:porkchop":11,"minecraft:rotten_flesh":1},"minecraft:killed":{"minecraft:pig":10,"minecraft:player":7,"minecraft:villager":2,"minecraft:bat":3,"minecraft:zombie":11},"minecraft:custom":{"minecraft:jump":77,"minecraft:time_since_rest":21,"minecraft:deaths":9,"minecraft:damage_taken":2260,"minecraft:sprint_one_cm":22770,"minecraft:play_time":3635,"minecraft:time_since_death":0,"minecraft:walk_one_cm":31373,"minecraft:total_world_time":3665,"minecraft:mob_kills":27,"minecraft:fall_one_cm":4043,"minecraft:fly_one_cm":97595,"minecraft:leave_game":1},"minecraft:used":{"minecraft:pig_spawn_egg":9},"minecraft:killed_by":{"minecraft:player":9}},"DataVersion":3465}