{"stats":{"minecraft:custom":{"minecraft:jump":114,"minecraft:open_chest":2,"minecraft:time_since_rest":3640,"minecraft:sprint_one_cm":9798,"minecraft:play_time":3640,"minecraft:damage_taken":80,"minecraft:time_since_death":3640,"minecraft:walk_one_cm":8755,"minecraft:total_world_time":3678,"minecraft:fall_one_cm":1827,"minecraft:fly_one_cm":37906},"minecraft:used":{"minecraft:diamond_boots":1,"minecraft:lingering_potion":1,"minecraft:potion":1,"minecraft:splash_potion":20,"minecraft:bread":3}},"DataVersion":3465}