{"stats":{"minecraft:picked_up":{"minecraft:torch":2,"coolenchants:gayshit":1,"minecraft:oak_planks":1},"minecraft:used":{"minecraft:diamond_sword":3,"minecraft:iron_shovel":22,"minecraft:cooked_beef":2},"minecraft:custom":{"minecraft:time_since_rest":4659,"minecraft:open_chest":2,"minecraft:crouch_one_cm":18,"minecraft:play_time":4659,"minecraft:sprint_one_cm":20618,"minecraft:damage_taken":29,"minecraft:walk_one_cm":14632,"minecraft:sneak_time":22,"minecraft:mob_kills":1,"minecraft:drop":1,"minecraft:jump":166,"minecraft:interact_with_brewingstand":1,"minecraft:damage_dealt":204,"minecraft:leave_game":1,"minecraft:walk_on_water_one_cm":729,"minecraft:time_since_death":4659,"minecraft:total_world_time":4705,"minecraft:fall_one_cm":4044,"minecraft:fly_one_cm":46869},"minecraft:dropped":{"coolenchants:gayshit":1},"minecraft:mined":{"minecraft:grass_block":5,"minecraft:dirt_path":2,"minecraft:glass_pane":2,"minecraft:dirt":15,"minecraft:oak_planks":1,"minecraft:wall_torch":2}},"DataVersion":3465}