{"stats":{"minecraft:custom":{"minecraft:time_since_rest":8089,"minecraft:crouch_one_cm":252,"minecraft:play_time":8089,"minecraft:sprint_one_cm":2318,"minecraft:damage_taken":1241,"minecraft:walk_one_cm":36488,"minecraft:sneak_time":190,"minecraft:jump":45,"minecraft:leave_game":1,"minecraft:time_since_death":8089,"minecraft:total_world_time":8131,"minecraft:inspect_dispenser":8,"minecraft:fall_one_cm":420,"minecraft:fly_one_cm":12409},"minecraft:used":{"minecraft:redstone_torch":2,"minecraft:repeater":2,"minecraft:dirt":3,"minecraft:comparator":6,"minecraft:dispenser":11,"minecraft:redstone":58,"minecraft:oak_button":3},"minecraft:mined":{"minecraft:redstone_wire":6,"minecraft:dirt":2},"minecraft:picked_up":{"minecraft:redstone":6,"minecraft:dirt":2}},"DataVersion":3465}