{"stats":{"minecraft:used":{"minecraft:pig_spawn_egg":1,"minecraft:diamond_sword":2},"minecraft:custom":{"minecraft:jump":2,"minecraft:time_since_rest":316,"minecraft:damage_dealt":91,"minecraft:crouch_one_cm":398,"minecraft:sprint_one_cm":176,"minecraft:play_time":316,"minecraft:time_since_death":316,"minecraft:walk_one_cm":1227,"minecraft:sneak_time":55,"minecraft:total_world_time":489,"minecraft:mob_kills":1,"minecraft:fly_one_cm":1073},"minecraft:killed":{"minecraft:pig":1},"minecraft:picked_up":{"minecraft:porkchop":3}},"DataVersion":3465}