{"stats":{"minecraft:killed":{"minecraft:pig":4},"minecraft:custom":{"minecraft:jump":42,"minecraft:time_since_rest":1492,"minecraft:crouch_one_cm":97,"minecraft:leave_game":1,"minecraft:sprint_one_cm":11814,"minecraft:play_time":1492,"minecraft:time_since_death":1492,"minecraft:walk_one_cm":13552,"minecraft:sneak_time":16,"minecraft:total_world_time":1548,"minecraft:mob_kills":4,"minecraft:talked_to_villager":5,"minecraft:fly_one_cm":27174,"minecraft:open_chest":2},"minecraft:used":{"minecraft:pig_spawn_egg":3},"minecraft:picked_up":{"minecraft:porkchop":6}},"DataVersion":3465}