{"stats":{"minecraft:dropped":{"minecraft:dirt":2},"minecraft:used":{"minecraft:bow":1,"minecraft:chainmail_helmet":1},"minecraft:picked_up":{"minecraft:arrow":2,"minecraft:rotten_flesh":19,"minecraft:slime_ball":1,"minecraft:dirt":17},"minecraft:killed":{"minecraft:skeleton":1,"minecraft:zombie":20,"minecraft:slime":1,"minecraft:ghast":2},"minecraft:custom":{"minecraft:time_since_rest":8016,"minecraft:open_chest":1,"minecraft:crouch_one_cm":15,"minecraft:play_time":12640,"minecraft:sprint_one_cm":46883,"minecraft:walk_one_cm":42735,"minecraft:damage_taken":692,"minecraft:deaths":1,"minecraft:sneak_time":19,"minecraft:mob_kills":24,"minecraft:drop":2,"minecraft:jump":498,"minecraft:damage_dealt":4130,"minecraft:leave_game":1,"minecraft:walk_on_water_one_cm":473,"minecraft:time_since_death":7995,"minecraft:total_world_time":12920,"minecraft:fly_one_cm":146897,"minecraft:fall_one_cm":7379},"minecraft:mined":{"minecraft:grass_block":6,"minecraft:dirt":9,"minecraft:fire":1}},"DataVersion":3465}