{"stats":{"minecraft:picked_up":{"minecraft:cobbled_deepslate":77,"minecraft:dirt":1},"minecraft:dropped":{"minecraft:oak_door":1},"minecraft:mined":{"minecraft:grass_block":22,"minecraft:dirt":26,"minecraft:cobbled_deepslate":5,"minecraft:cobblestone":9,"minecraft:cobblestone_stairs":1},"minecraft:used":{"minecraft:diamond_pickaxe":22,"minecraft:diamond_boots":1,"minecraft:diamond_shovel":40,"minecraft:cobbled_deepslate":13},"minecraft:custom":{"minecraft:time_since_rest":7543,"minecraft:crouch_one_cm":63,"minecraft:sprint_one_cm":30653,"minecraft:play_time":7543,"minecraft:damage_taken":20,"minecraft:walk_one_cm":21233,"minecraft:sneak_time":77,"minecraft:interact_with_anvil":9,"minecraft:drop":1,"minecraft:jump":251,"minecraft:leave_game":2,"minecraft:time_since_death":7543,"minecraft:total_world_time":15007,"minecraft:fall_one_cm":2774,"minecraft:fly_one_cm":68141}},"DataVersion":3465}