{"stats":{"minecraft:killed":{"minecraft:villager":3},"minecraft:used":{"minecraft:diamond_boots":1,"minecraft:composter":4},"minecraft:crafted":{"minecraft:apple":128,"minecraft:cookie":108,"coolenchants:gayshit":144,"minecraft:pumpkin_pie":96,"minecraft:emerald":14,"minecraft:air":0,"minecraft:bread":288,"minecraft:suspicious_stew":12},"minecraft:custom":{"minecraft:time_since_rest":4504,"minecraft:play_time":4504,"minecraft:sprint_one_cm":2811,"minecraft:walk_one_cm":7807,"minecraft:sneak_time":3,"minecraft:mob_kills":3,"minecraft:jump":11,"minecraft:damage_dealt":600,"minecraft:leave_game":1,"minecraft:time_since_death":4504,"minecraft:traded_with_villager":148,"minecraft:total_world_time":4629,"minecraft:talked_to_villager":25,"minecraft:fly_one_cm":5050}},"DataVersion":3465}