{"stats":{"minecraft:mined":{"minecraft:grass_block":13,"minecraft:dirt_path":3},"minecraft:used":{"minecraft:diamond_shovel":18},"minecraft:dropped":{"minecraft:rotten_flesh":5,"minecraft:dirt_path":4,"minecraft:dirt":353},"minecraft:custom":{"minecraft:jump":37,"minecraft:leave_game":1,"minecraft:time_since_rest":1860,"minecraft:damage_dealt":201,"minecraft:sprint_one_cm":5693,"minecraft:play_time":1860,"minecraft:damage_taken":180,"minecraft:time_since_death":1860,"minecraft:walk_one_cm":8536,"minecraft:total_world_time":2786,"minecraft:mob_kills":2,"minecraft:fall_one_cm":209,"minecraft:drop":12,"minecraft:fly_one_cm":4229},"minecraft:killed":{"minecraft:slime":2},"minecraft:picked_up":{"minecraft:rotten_flesh":4,"minecraft:dirt_path":4,"minecraft:dirt":29}},"DataVersion":3465}