{"stats":{"minecraft:used":{"minecraft:diamond_pickaxe":4,"minecraft:stone":8,"minecraft:diamond_shovel":24},"minecraft:picked_up":{"minecraft:dirt":42,"minecraft:cobblestone":6},"minecraft:custom":{"minecraft:jump":44,"minecraft:time_since_rest":1674,"minecraft:leave_game":1,"minecraft:sprint_one_cm":6897,"minecraft:play_time":1674,"minecraft:time_since_death":1674,"minecraft:walk_one_cm":6231,"minecraft:total_world_time":1760,"minecraft:fall_one_cm":836,"minecraft:fly_one_cm":11474},"minecraft:mined":{"minecraft:grass_block":23,"minecraft:stone":2,"minecraft:dirt":5}},"DataVersion":3465}