{"stats":{"minecraft:custom":{"minecraft:jump":190,"minecraft:open_chest":1,"minecraft:time_since_rest":4874,"minecraft:leave_game":1,"minecraft:damage_dealt":20,"minecraft:crouch_one_cm":210,"minecraft:sprint_one_cm":17799,"minecraft:play_time":4874,"minecraft:time_since_death":4874,"minecraft:walk_one_cm":13605,"minecraft:sneak_time":116,"minecraft:total_world_time":5008,"minecraft:talked_to_villager":9,"minecraft:fall_one_cm":2719,"minecraft:fly_one_cm":53401},"minecraft:mined":{"minecraft:grass_block":2,"minecraft:dirt":1},"minecraft:used":{"minecraft:cooked_beef":2}},"DataVersion":3465}