{"stats":{"minecraft:custom":{"minecraft:open_chest":2,"minecraft:time_since_rest":11033,"minecraft:crouch_one_cm":77,"minecraft:play_time":11033,"minecraft:sprint_one_cm":52666,"minecraft:damage_taken":478,"minecraft:walk_one_cm":27745,"minecraft:sneak_time":51,"minecraft:mob_kills":12,"minecraft:jump":333,"minecraft:damage_dealt":500,"minecraft:leave_game":1,"minecraft:time_since_death":11033,"minecraft:total_world_time":11082,"minecraft:fall_one_cm":13568,"minecraft:fly_one_cm":76652},"minecraft:picked_up":{"minecraft:rotten_flesh":19,"minecraft:porkchop":1,"minecraft:dirt":1},"minecraft:killed":{"minecraft:zombie":9,"minecraft:pig":1},"minecraft:mined":{"minecraft:grass_block":1},"minecraft:used":{"minecraft:diamond_sword":8,"minecraft:bow":80,"minecraft:cooked_beef":4}},"DataVersion":3465}