{"stats":{"minecraft:killed":{"minecraft:skeleton":1,"minecraft:slime":26},"minecraft:custom":{"minecraft:jump":156,"minecraft:time_since_rest":11152,"minecraft:damage_dealt":412,"minecraft:crouch_one_cm":1032,"minecraft:leave_game":1,"minecraft:sprint_one_cm":23720,"minecraft:play_time":11152,"minecraft:time_since_death":11152,"minecraft:walk_one_cm":18755,"minecraft:sneak_time":870,"minecraft:total_world_time":11566,"minecraft:mob_kills":27,"minecraft:fly_one_cm":258432,"minecraft:inspect_dispenser":2},"minecraft:used":{"minecraft:redstone":12,"minecraft:comparator":7,"minecraft:bow":64,"minecraft:dispenser":1,"minecraft:redstone_torch":12},"minecraft:picked_up":{"minecraft:bone":2,"minecraft:slime_ball":8}},"DataVersion":3465}