{"stats":{"minecraft:killed":{"minecraft:skeleton":5,"minecraft:slime":30,"minecraft:creeper":6,"minecraft:zombie":1},"minecraft:custom":{"minecraft:jump":144,"minecraft:time_since_rest":6323,"minecraft:leave_game":1,"minecraft:damage_dealt":875,"minecraft:walk_under_water_one_cm":357,"minecraft:walk_on_water_one_cm":581,"minecraft:sprint_one_cm":20688,"minecraft:play_time":6323,"minecraft:time_since_death":6323,"minecraft:walk_one_cm":17396,"minecraft:sneak_time":6,"minecraft:total_world_time":6349,"minecraft:mob_kills":43,"minecraft:fly_one_cm":163133},"minecraft:used":{"minecraft:diamond_sword":12},"minecraft:picked_up":{"minecraft:arrow":2,"minecraft:slime_ball":4,"minecraft:gunpowder":8,"minecraft:bow":1,"minecraft:leather":2}},"DataVersion":3465}