{"stats":{"minecraft:custom":{"minecraft:time_since_rest":4454,"minecraft:open_chest":1,"minecraft:crouch_one_cm":1644,"minecraft:play_time":25789,"minecraft:sprint_one_cm":126299,"minecraft:walk_one_cm":51091,"minecraft:damage_taken":546,"minecraft:deaths":3,"minecraft:sneak_time":354,"minecraft:mob_kills":2,"minecraft:interact_with_anvil":3,"minecraft:drop":1,"minecraft:jump":588,"minecraft:damage_dealt":5260,"minecraft:leave_game":1,"minecraft:time_since_death":4425,"minecraft:total_world_time":28664,"minecraft:talked_to_villager":2,"minecraft:fall_one_cm":8252,"minecraft:fly_one_cm":176317},"minecraft:killed":{"minecraft:warden":1,"minecraft:witch":1},"minecraft:dropped":{"coolenchants:gayshit":1},"minecraft:mined":{"minecraft:grass_block":31,"minecraft:dirt":9},"minecraft:picked_up":{"minecraft:sculk_catalyst":1,"minecraft:enchanted_book":1,"coolenchants:gayshit":1,"minecraft:gunpowder":2,"minecraft:dirt":26,"minecraft:spider_eye":1,"minecraft:string":4},"minecraft:used":{"minecraft:golden_helmet":1,"minecraft:netherite_boots":1,"minecraft:potion":3,"minecraft:diamond_shovel":11,"minecraft:diamond_boots":1,"minecraft:anvil":1,"minecraft:iron_shovel":27,"minecraft:bread":1,"minecraft:diamond_helmet":1,"minecraft:ender_pearl":12,"minecraft:potato":2,"minecraft:chainmail_helmet":2}},"DataVersion":3465}