{"stats":{"minecraft:mined":{"minecraft:grass_block":5},"minecraft:used":{"minecraft:diamond_shovel":5},"minecraft:custom":{"minecraft:jump":17,"minecraft:time_since_rest":991,"minecraft:crouch_one_cm":186,"minecraft:sprint_one_cm":2428,"minecraft:play_time":991,"minecraft:time_since_death":991,"minecraft:walk_one_cm":1787,"minecraft:sneak_time":119,"minecraft:total_world_time":1014,"minecraft:fall_one_cm":209,"minecraft:fly_one_cm":5334},"minecraft:picked_up":{"minecraft:dirt":5}},"DataVersion":3465}