{"stats":{"minecraft:used":{"minecraft:chest":1,"minecraft:anvil":1,"minecraft:sculk_catalyst":1},"minecraft:custom":{"minecraft:jump":24,"minecraft:time_since_rest":1972,"minecraft:leave_game":1,"minecraft:crouch_one_cm":25,"minecraft:damage_taken":10,"minecraft:sprint_one_cm":2089,"minecraft:play_time":1972,"minecraft:time_since_death":1972,"minecraft:walk_one_cm":2135,"minecraft:sneak_time":27,"minecraft:total_world_time":2025,"minecraft:fall_one_cm":594,"minecraft:fly_one_cm":10530}},"DataVersion":3465}