{"stats":{"minecraft:picked_up":{"minecraft:rotten_flesh":2,"minecraft:redstone_torch":4,"minecraft:redstone":3,"minecraft:spider_eye":2,"minecraft:string":1},"minecraft:used":{"minecraft:redstone_torch":4,"minecraft:rotten_flesh":8,"minecraft:bow":27,"minecraft:redstone":3},"minecraft:killed":{"minecraft:spider":2,"minecraft:zombie":1},"minecraft:custom":{"minecraft:time_since_rest":6800,"minecraft:play_time":6800,"minecraft:sprint_one_cm":26414,"minecraft:damage_taken":30,"minecraft:walk_one_cm":14568,"minecraft:mob_kills":3,"minecraft:jump":275,"minecraft:leave_game":1,"minecraft:time_since_death":6800,"minecraft:walk_on_water_one_cm":399,"minecraft:total_world_time":6829,"minecraft:fall_one_cm":4141,"minecraft:fly_one_cm":81527},"minecraft:mined":{"minecraft:redstone_wire":3,"minecraft:redstone_torch":4}},"DataVersion":3465}