{"stats":{"minecraft:mined":{"minecraft:cobblestone":2,"minecraft:grass_block":11,"minecraft:stone":2},"minecraft:used":{"minecraft:diamond_pickaxe":4,"minecraft:stone":7,"minecraft:cobblestone":6,"minecraft:diamond_shovel":8},"minecraft:dropped":{"minecraft:cobblestone":35},"minecraft:custom":{"minecraft:jump":15,"minecraft:time_since_rest":1550,"minecraft:leave_game":1,"minecraft:sprint_one_cm":3950,"minecraft:play_time":1550,"minecraft:time_since_death":1550,"minecraft:walk_one_cm":7545,"minecraft:total_world_time":1880,"minecraft:drop":1,"minecraft:fall_one_cm":418,"minecraft:fly_one_cm":3564},"minecraft:picked_up":{"minecraft:stone":55,"minecraft:mossy_cobblestone":7,"minecraft:dirt":25,"minecraft:cobblestone":44}},"DataVersion":3465}