{"stats":{"minecraft:custom":{"minecraft:open_chest":1,"minecraft:time_since_rest":12456,"minecraft:crouch_one_cm":122,"minecraft:play_time":12456,"minecraft:sprint_one_cm":9695,"minecraft:walk_one_cm":27570,"minecraft:sneak_time":216,"minecraft:mob_kills":31,"minecraft:jump":95,"minecraft:damage_dealt":6036,"minecraft:leave_game":1,"minecraft:time_since_death":12456,"minecraft:total_world_time":14721,"minecraft:fly_one_cm":337861},"minecraft:picked_up":{"minecraft:sculk_catalyst":1,"minecraft:arrow":2,"minecraft:slime_ball":57,"minecraft:wither_rose":1,"minecraft:enchanted_book":1,"minecraft:spider_eye":1,"minecraft:string":2},"minecraft:used":{"minecraft:diamond_sword":45},"minecraft:killed":{"minecraft:skeleton":2,"minecraft:spider":3,"minecraft:ender_dragon":1,"minecraft:zombie":1,"minecraft:slime":23,"minecraft:wither":1}},"DataVersion":3465}