{"stats":{"minecraft:used":{"minecraft:pig_spawn_egg":1,"minecraft:diamond_sword":1},"minecraft:custom":{"minecraft:jump":42,"minecraft:time_since_rest":1983,"minecraft:damage_dealt":70,"minecraft:sprint_one_cm":2852,"minecraft:leave_game":2,"minecraft:play_time":1983,"minecraft:damage_taken":30,"minecraft:time_since_death":1983,"minecraft:walk_one_cm":4242,"minecraft:sneak_time":11,"minecraft:total_world_time":2246,"minecraft:talked_to_villager":1,"minecraft:fall_one_cm":269,"minecraft:fly_one_cm":9431,"minecraft:horse_one_cm":2504}},"DataVersion":3465}