{"stats":{"minecraft:used":{"minecraft:diamond_sword":9,"minecraft:chainmail_helmet":1},"minecraft:custom":{"minecraft:jump":90,"minecraft:time_since_rest":3379,"minecraft:damage_dealt":485,"minecraft:leave_game":1,"minecraft:play_time":3379,"minecraft:sprint_one_cm":9276,"minecraft:damage_taken":127,"minecraft:time_since_death":3379,"minecraft:walk_one_cm":12667,"minecraft:total_world_time":4034,"minecraft:mob_kills":3,"minecraft:talked_to_villager":42,"minecraft:fall_one_cm":1240,"minecraft:fly_one_cm":20475},"minecraft:killed":{"minecraft:witch":1,"minecraft:villager":1}},"DataVersion":3465}