{"stats":{"minecraft:used":{"minecraft:diamond_pickaxe":1,"minecraft:cobblestone":5,"minecraft:diamond_shovel":2},"minecraft:picked_up":{"minecraft:dirt":11,"minecraft:cobblestone":43},"minecraft:custom":{"minecraft:jump":5,"minecraft:time_since_rest":579,"minecraft:leave_game":1,"minecraft:sprint_one_cm":1508,"minecraft:play_time":579,"minecraft:time_since_death":579,"minecraft:walk_one_cm":2699,"minecraft:total_world_time":1038,"minecraft:fly_one_cm":585},"minecraft:mined":{"minecraft:cobblestone":1,"minecraft:grass_block":5}},"DataVersion":3465}