{"stats":{"minecraft:used":{"minecraft:bow":42},"minecraft:picked_up":{"minecraft:rotten_flesh":9},"minecraft:killed":{"minecraft:zombie":11},"minecraft:custom":{"minecraft:jump":104,"minecraft:time_since_rest":3551,"minecraft:damage_dealt":3,"minecraft:crouch_one_cm":341,"minecraft:leave_game":1,"minecraft:sprint_one_cm":15639,"minecraft:play_time":3551,"minecraft:damage_taken":48,"minecraft:time_since_death":3551,"minecraft:walk_one_cm":9218,"minecraft:sneak_time":553,"minecraft:total_world_time":3685,"minecraft:mob_kills":11,"minecraft:fall_one_cm":418,"minecraft:fly_one_cm":36476}},"DataVersion":3465}