{"stats":{"minecraft:mined":{"minecraft:grass_block":2,"minecraft:dirt":14},"minecraft:used":{"minecraft:diamond_shovel":16},"minecraft:custom":{"minecraft:jump":15,"minecraft:time_since_rest":848,"minecraft:leave_game":1,"minecraft:crouch_one_cm":54,"minecraft:deaths":2,"minecraft:sprint_one_cm":2906,"minecraft:play_time":1488,"minecraft:damage_taken":450,"minecraft:time_since_death":821,"minecraft:walk_one_cm":5233,"minecraft:sneak_time":7,"minecraft:total_world_time":1543,"minecraft:fall_one_cm":381,"minecraft:fly_one_cm":4445},"minecraft:picked_up":{"minecraft:dirt":21},"minecraft:killed_by":{"minecraft:slime":2}},"DataVersion":3465}