{"stats":{"minecraft:mined":{"minecraft:cobblestone":3,"minecraft:diamond_ore":1,"minecraft:stone":3,"minecraft:dirt_path":2,"minecraft:dirt":1},"minecraft:used":{"minecraft:stone":7,"minecraft:diamond_pickaxe":7,"minecraft:diamond_shovel":3,"minecraft:diamond_ore":4},"minecraft:custom":{"minecraft:jump":61,"minecraft:time_since_rest":1766,"minecraft:leave_game":1,"minecraft:sprint_one_cm":6756,"minecraft:play_time":1766,"minecraft:time_since_death":1766,"minecraft:walk_one_cm":3413,"minecraft:sneak_time":9,"minecraft:total_world_time":1919,"minecraft:fall_one_cm":418,"minecraft:fly_one_cm":21479},"minecraft:picked_up":{"minecraft:diamond":4,"minecraft:dirt":12,"minecraft:cobblestone":13,"minecraft:diamond_ore":4}},"DataVersion":3465}