{"stats":{"minecraft:killed":{"minecraft:skeleton":1,"minecraft:zombie":1},"minecraft:picked_up":{"minecraft:arrow":2,"minecraft:bone":1},"minecraft:custom":{"minecraft:jump":11,"minecraft:time_since_rest":1530,"minecraft:leave_game":1,"minecraft:sprint_one_cm":2003,"minecraft:play_time":1530,"minecraft:time_since_death":1530,"minecraft:walk_one_cm":4405,"minecraft:total_world_time":1572,"minecraft:mob_kills":2,"minecraft:fly_one_cm":2067},"minecraft:used":{"minecraft:andesite":5,"minecraft:zombie_spawn_egg":1}},"DataVersion":3465}