{"stats":{"minecraft:mined":{"minecraft:grass_block":47,"minecraft:dirt":2},"minecraft:killed_by":{"minecraft:creeper":1,"minecraft:spider":1},"minecraft:picked_up":{"minecraft:rotten_flesh":1,"minecraft:dirt":157},"minecraft:used":{"minecraft:diamond_pickaxe":2,"minecraft:diamond_shovel":50,"minecraft:anvil":1},"minecraft:custom":{"minecraft:time_since_rest":1449,"minecraft:open_chest":1,"minecraft:play_time":5932,"minecraft:sprint_one_cm":34650,"minecraft:walk_one_cm":21487,"minecraft:damage_taken":490,"minecraft:deaths":2,"minecraft:sneak_time":29,"minecraft:interact_with_anvil":1,"minecraft:jump":217,"minecraft:damage_dealt":152,"minecraft:leave_game":1,"minecraft:time_since_death":1425,"minecraft:sleep_in_bed":1,"minecraft:total_world_time":5961,"minecraft:fall_one_cm":2150,"minecraft:fly_one_cm":66224}},"DataVersion":3465}