{"stats":{"minecraft:picked_up":{"minecraft:rotten_flesh":2,"minecraft:gunpowder":4,"minecraft:dirt":1},"minecraft:killed":{"minecraft:zombie":1,"minecraft:spider":1,"minecraft:creeper":6},"minecraft:custom":{"minecraft:time_since_rest":2751,"minecraft:damage_dealt":1338,"minecraft:leave_game":2,"minecraft:play_time":2751,"minecraft:sprint_one_cm":3708,"minecraft:time_since_death":2751,"minecraft:walk_one_cm":3835,"minecraft:sneak_time":11,"minecraft:total_world_time":2819,"minecraft:mob_kills":9,"minecraft:fly_one_cm":107032,"minecraft:jump":50},"minecraft:used":{"minecraft:diamond_sword":16},"minecraft:mined":{"minecraft:grass_block":1}},"DataVersion":3465}