{"stats":{"minecraft:mined":{"minecraft:grass_block":25,"minecraft:dirt":29},"minecraft:used":{"minecraft:diamond_shovel":54},"minecraft:custom":{"minecraft:jump":15,"minecraft:time_since_rest":1212,"minecraft:leave_game":1,"minecraft:sprint_one_cm":10852,"minecraft:play_time":1212,"minecraft:damage_taken":120,"minecraft:time_since_death":1212,"minecraft:walk_one_cm":9033,"minecraft:total_world_time":1273,"minecraft:fall_one_cm":209,"minecraft:fly_one_cm":3522},"minecraft:picked_up":{"minecraft:dirt":50}},"DataVersion":3465}