{"stats":{"minecraft:killed":{"minecraft:pig":1,"minecraft:witch":3,"minecraft:giant":2},"minecraft:picked_up":{"minecraft:torch":1,"minecraft:porkchop":2,"minecraft:dirt":1},"minecraft:mined":{"minecraft:grass_block":4,"minecraft:dirt":4,"minecraft:fire":5},"minecraft:custom":{"minecraft:time_since_rest":1329,"minecraft:open_chest":5,"minecraft:crouch_one_cm":339,"minecraft:play_time":14444,"minecraft:sprint_one_cm":60157,"minecraft:deaths":2,"minecraft:damage_taken":670,"minecraft:walk_one_cm":32057,"minecraft:sneak_time":86,"minecraft:mob_kills":10,"minecraft:jump":618,"minecraft:damage_dealt":4086,"minecraft:leave_game":1,"minecraft:time_since_death":1308,"minecraft:total_world_time":28453,"minecraft:fall_one_cm":18736,"minecraft:fly_one_cm":153684},"minecraft:used":{"minecraft:diamond_sword":58,"minecraft:iron_shovel":10,"minecraft:cooked_beef":2}},"DataVersion":3465}