{"stats":{"minecraft:mined":{"minecraft:grass_block":3},"minecraft:used":{"minecraft:dirt":13},"minecraft:picked_up":{"minecraft:dirt":3},"minecraft:custom":{"minecraft:jump":273,"minecraft:time_since_rest":4252,"minecraft:walk_on_water_one_cm":1252,"minecraft:crouch_one_cm":5,"minecraft:deaths":1,"minecraft:leave_game":2,"minecraft:play_time":6490,"minecraft:sprint_one_cm":19358,"minecraft:damage_taken":240,"minecraft:time_since_death":4231,"minecraft:walk_one_cm":16096,"minecraft:sneak_time":49,"minecraft:total_world_time":6642,"minecraft:fall_one_cm":7622,"minecraft:fly_one_cm":65110}},"DataVersion":3465}