{"stats":{"minecraft:used":{"minecraft:bow":32},"minecraft:picked_up":{"minecraft:rotten_flesh":2,"minecraft:dirt":1},"minecraft:killed":{"minecraft:zombie":6},"minecraft:custom":{"minecraft:jump":117,"minecraft:time_since_rest":380,"minecraft:leave_game":1,"minecraft:deaths":1,"minecraft:damage_dealt":183,"minecraft:crouch_one_cm":2,"minecraft:sprint_one_cm":14010,"minecraft:play_time":4524,"minecraft:damage_taken":204,"minecraft:time_since_death":356,"minecraft:walk_one_cm":18200,"minecraft:sneak_time":465,"minecraft:total_world_time":4554,"minecraft:mob_kills":6,"minecraft:fall_one_cm":404,"minecraft:fly_one_cm":37539},"minecraft:mined":{"minecraft:grass_block":1},"minecraft:killed_by":{"minecraft:zombie":1}},"DataVersion":3465}