{"stats":{"minecraft:picked_up":{"minecraft:iron_ingot":21,"minecraft:poppy":4,"minecraft:spider_eye":3,"minecraft:string":6},"minecraft:killed":{"minecraft:iron_golem":1,"minecraft:spider":27,"minecraft:player":3},"minecraft:custom":{"minecraft:time_since_rest":26,"minecraft:play_time":5210,"minecraft:sprint_one_cm":12552,"minecraft:walk_one_cm":28248,"minecraft:damage_taken":1040,"minecraft:deaths":5,"minecraft:interact_with_anvil":1,"minecraft:mob_kills":32,"minecraft:jump":181,"minecraft:damage_dealt":1135,"minecraft:leave_game":1,"minecraft:time_since_death":0,"minecraft:total_world_time":5284,"minecraft:fall_one_cm":3730,"minecraft:fly_one_cm":37529},"minecraft:killed_by":{"minecraft:player":3},"minecraft:used":{"minecraft:diamond_sword":18,"minecraft:anvil":1,"minecraft:string":6,"minecraft:ender_pearl":1,"minecraft:splash_potion":56}},"DataVersion":3465}