{"stats":{"minecraft:picked_up":{"minecraft:dirt":5},"minecraft:mined":{"minecraft:grass_block":5},"minecraft:custom":{"minecraft:jump":83,"minecraft:time_since_rest":2158,"minecraft:leave_game":1,"minecraft:crouch_one_cm":42,"minecraft:sprint_one_cm":9971,"minecraft:play_time":2158,"minecraft:damage_taken":20,"minecraft:time_since_death":2158,"minecraft:walk_one_cm":5056,"minecraft:sneak_time":24,"minecraft:total_world_time":2202,"minecraft:fall_one_cm":619,"minecraft:fly_one_cm":20240}},"DataVersion":3465}