{"stats":{"minecraft:used":{"minecraft:diamond_helmet":1,"minecraft:anvil":1,"minecraft:bow":5},"minecraft:custom":{"minecraft:jump":22,"minecraft:time_since_rest":1460,"minecraft:leave_game":1,"minecraft:crouch_one_cm":35,"minecraft:sprint_one_cm":1098,"minecraft:play_time":1460,"minecraft:time_since_death":1460,"minecraft:walk_one_cm":1766,"minecraft:sneak_time":77,"minecraft:mob_kills":2,"minecraft:total_world_time":2180,"minecraft:interact_with_anvil":2,"minecraft:fly_one_cm":5899},"minecraft:killed":{"minecraft:slime":2}},"DataVersion":3465}