{"stats":{"minecraft:killed":{"minecraft:slime":1},"minecraft:used":{"minecraft:cooked_beef":2,"minecraft:bow":3},"minecraft:mined":{"minecraft:grass_block":1},"minecraft:custom":{"minecraft:jump":155,"minecraft:time_since_rest":7498,"minecraft:damage_taken":160,"minecraft:damage_dealt":70,"minecraft:crouch_one_cm":699,"minecraft:leave_game":2,"minecraft:play_time":7498,"minecraft:sprint_one_cm":23080,"minecraft:time_since_death":7498,"minecraft:walk_one_cm":10557,"minecraft:sneak_time":490,"minecraft:total_world_time":7582,"minecraft:mob_kills":1,"minecraft:fall_one_cm":4644,"minecraft:fly_one_cm":71850}},"DataVersion":3465}