{"stats":{"minecraft:mined":{"minecraft:grass_block":4},"minecraft:picked_up":{"minecraft:iron_ingot":7,"minecraft:poppy":2,"minecraft:gunpowder":3,"minecraft:dirt":4,"minecraft:spider_eye":10,"minecraft:string":26},"minecraft:killed_by":{"minecraft:iron_golem":1,"minecraft:spider":2,"minecraft:player":5},"minecraft:custom":{"minecraft:time_since_rest":786,"minecraft:crouch_one_cm":975,"minecraft:sprint_one_cm":166940,"minecraft:play_time":30290,"minecraft:damage_taken":2709,"minecraft:deaths":13,"minecraft:walk_one_cm":93627,"minecraft:sneak_time":446,"minecraft:mob_kills":72,"minecraft:interact_with_anvil":1,"minecraft:jump":1015,"minecraft:damage_dealt":910,"minecraft:leave_game":2,"minecraft:time_since_death":759,"minecraft:total_world_time":30377,"minecraft:fall_one_cm":58962,"minecraft:fly_one_cm":276263},"minecraft:used":{"minecraft:diamond_sword":12,"minecraft:diamond_boots":4,"minecraft:dirt":4,"minecraft:anvil":1,"minecraft:bread":5,"minecraft:diamond_helmet":1,"minecraft:ender_pearl":94,"minecraft:lingering_potion":1,"minecraft:splash_potion":125,"minecraft:milk_bucket":1},"minecraft:killed":{"minecraft:spider":66,"minecraft:player":4,"minecraft:creeper":2}},"DataVersion":3465}