{"stats":{"minecraft:picked_up":{"minecraft:dirt":19},"minecraft:mined":{"minecraft:grass_block":16,"minecraft:dirt":17},"minecraft:used":{"minecraft:diamond_shovel":32},"minecraft:killed_by":{"minecraft:slime":1},"minecraft:custom":{"minecraft:jump":27,"minecraft:time_since_rest":676,"minecraft:walk_one_cm":4303,"minecraft:leave_game":2,"minecraft:play_time":1128,"minecraft:sprint_one_cm":3552,"minecraft:damage_taken":160,"minecraft:time_since_death":653,"minecraft:deaths":1,"minecraft:total_world_time":1294,"minecraft:fly_one_cm":5628}},"DataVersion":3465}