{"stats":{"minecraft:used":{"minecraft:diamond_shovel":56},"minecraft:picked_up":{"minecraft:dirt":54},"minecraft:custom":{"minecraft:jump":34,"minecraft:time_since_rest":1505,"minecraft:leave_game":1,"minecraft:sprint_one_cm":3352,"minecraft:play_time":1505,"minecraft:damage_taken":20,"minecraft:time_since_death":1505,"minecraft:walk_one_cm":8610,"minecraft:total_world_time":1753,"minecraft:fall_one_cm":613,"minecraft:fly_one_cm":6407},"minecraft:mined":{"minecraft:grass_block":37,"minecraft:dirt":22}},"DataVersion":3465}